{
  "valence": 0.8797101783998601,
  "arousal": 1.0,
  "state": "normal",
  "frustration": 0.01363985246514303,
  "meltdown_started_at": null
}